Feature1,Feature2,Feature3,Feature4
-0.5852085624681863,2.291671023254859,3.6232118844471786,11.617975990585894
-1.697339891082482,1.6202429052019598,5.791262246085277,10.774842454960169
0.2598413522045683,0.9488147871490604,6.257130165704536,9.931708919334444
-0.1106150928596683,7.788249853948707,4.417041038195292,14.220879737246193
-0.9902116478482136,0.1099818632409209,5.426581355282703,18.510050555157942
-1.4557324303557453,2.808209620131803,5.908842114593605,22.79922137306969
0.2799110499347889,6.465220944546318,7.409850135373852,3.1025642713086565
0.0355093496685272,5.6698797783537005,2.426761234387284,10.699081302839364
0.5223100693585944,12.235763863627593,8.330163425300222,14.148051425538952
-1.5285876474431173,18.801647948901486,2.83560721402947,0.9937455930956876
0.5739325562611038,4.328504799067232,5.676041273954353,9.93434626916205
0.2301012930396358,6.998225819520657,6.327380407284671,25.193627353204143
-2.139795039035988,2.6596605604375583,2.8799867187966925,12.649592860017837
-0.8932708128588109,3.4074940692669964,4.7688281268813135,11.690557078784588
2.354946606287582,8.10287922551176,1.9106639097615865,7.843261034777668
0.5017919702122879,8.356634039844078,7.3392898114702785,13.125830572684071
-0.2664555095528264,4.618571537286808,7.227511933317832,11.76502134207348
-0.7112124166709144,6.424302133843827,2.1475698239450387,9.757637512867548
0.060032124890086,1.3557705007876373,4.282619102847755,7.217766180917547
0.3761764899709336,9.75158950238125,6.134820633238344,4.677894848967545
-0.2628402404878944,2.1425677693080565,2.738528911363905,7.159485888593397
0.2407024049649808,4.430891893288353,1.925291333803836,7.532438578801348
2.611332299798621,0.6203105199688126,7.490191658479674,16.0279810460012
-0.2799539691519128,2.1972292551608605,3.706164132264506,12.89555622900895
0.1126302045349096,2.684012972962921,8.434928636890358,12.296589194643484
0.9255097254020822,0.8212855122164238,2.274213315257829,14.755165472004895
-0.3701324951370774,4.628915265837705,6.782951043452742,10.653482129140569
-1.4235907905891914,3.873565717127301,6.964628211521784,7.63472618280478
-0.4949405316919938,5.038476884633643,10.13469499899985,11.939785079258725
-0.461130132076522,9.534782819161109,3.380099229556349,7.867209936732811
-1.1231392156103055,5.310409849106512,1.5999210816051048,7.99608795951898
-0.4406587710849735,5.884349314057529,3.266610826161376,10.985554221772126
-0.5294378412172852,5.141692395562829,-0.4634008235596816,14.697032880752298
-0.3650538570125334,4.268693559657626,3.702443082403548,3.1447081788414377
1.32263230192718,3.86797184582208,2.7873150442791035,6.232258271894607
-0.705796627413689,2.8164361554082,5.613168598298937,11.290801832931804
0.6936238011515262,4.32922075103015,3.005607613050928,13.291476036977036
-0.4198536269348667,7.861206274928632,2.5075785618090096,9.938307875787483
-1.56470111121405,-17.418851738843443,3.2617530461799378,9.88194154163205
2.2301711778795945,7.75980844152328,3.901210894983518,12.800408176964796
0.0120139487199275,8.655449552936107,4.540668743787098,6.638861305700288
1.106763940142953,3.164469940972622,4.299250118605632,7.831089833877378
1.0654372152375522,5.965254884719456,2.810375470044037,11.226948960045098
-0.4011643983527295,5.777362351516444,21.587812612385868,9.579172889035029
-1.0717269325078835,9.389920476624203,3.881328587502225,9.368333486466724
1.3945571909773335,4.298245845702819,3.4100073176478265,8.967673088887311
0.5508692512385506,10.29145390319974,5.676802492773451,11.360787744632804
-0.2733235459399892,10.346077495879392,4.619253595288926,8.73294310379791
-2.334326186591865,3.8192452053792905,4.084185217334496,6.275117962916974
0.2437284075942885,3.931825424083044,2.390560191286037,8.664524564426443
0.3078127723137664,4.044405642786798,3.050021458542856,11.88784206074634
0.1940144089886996,8.042529372305527,1.0850689860922658,15.11115955706624
-0.560807656042006,9.451091424251146,6.677715241035412,12.019308940180284
-0.1915112122956836,4.710504188055275,7.077170752116724,12.091635565477041
1.2706489790898794,7.552185108484297,4.4161777764334955,12.163962190773796
-1.3155510254765883,8.681162429264049,1.7551848007502666,16.53997556835397
1.668539095835285,2.226205311894514,1.7249091378103047,8.751979272048876
-1.2799842487653652,10.288415666523903,1.7304836352333093,10.919403339722924
0.9979345842054632,3.2082204009829063,6.117523050932682,8.334037908485243
-0.2665125949972984,0.0364992098006418,9.303658723415476,10.770468523185484
-1.695432970776295,3.55270689269903,3.0913891144820145,12.649857292422046
0.807767381798784,4.527194986966708,3.3499582405744177,9.44225703533757
-0.5869665028271155,5.13137781237791,3.608527366666821,11.212138914988822
0.58869900657782,9.693561308066364,3.465537847430105,13.380117590819962
1.4725046214002309,5.524666464585924,4.86344328704782,1.5055470866677512
-0.5935839066178675,1.3557716211054849,4.624048175165065,14.87353476326013
-3.077981270174495,10.530093102110136,2.644777424686469,10.537223880572084
-0.2080747993679698,8.225077849327516,4.461548488084201,11.013731607316974
-1.323286924884857,11.262987752245238,5.002673632120706,9.33519401413992
0.2426734043674313,11.274761611871684,3.162532969843442,8.446804554424569
-0.1055833580770695,10.897026092670776,-4.921436371703806,10.142029082722123
-1.82460373226508,10.037334928071848,5.115743049802488,11.57125777172669
0.1359807656670598,11.248722904385495,2.712940906693884,7.367694617285676
1.046994372773202,5.540534832993629,0.4633643889817022,8.310205411034412
-1.0733720450765756,8.954730762819773,3.2914490894863624,9.252716204783148
0.2839898300248926,11.47869370971422,-0.6307821745446658,17.328641689321604
0.4474070483752351,4.665684241777531,1.829417256687361,15.38026854914141
1.2238866732379414,9.207018905355628,1.393411304745233,4.932523672804624
-1.8745465951494005,3.46304562725257,4.135411886430664,5.214741153139707
1.383601341682359,9.738902978175831,2.253681971995826,7.916372625796738
-0.0009709367136966,9.554252456295536,3.058667699449595,10.38287649242013
-0.8282458931886161,4.096576893490154,3.549425984272093,18.119263938336616
0.7083428761436577,7.539534198505589,3.5065641124412275,13.829800562070321
-1.035752323769196,9.51276430342923,3.9466290486210354,9.540337185804027
-0.3314792696064663,5.82020841041454,5.487762013865001,12.406773933498638
1.2874685796640843,1.8472948858203213,0.7713281829186514,16.645471057272047
1.123259386498762,2.151850233303506,5.868303092122439,14.502169749192529
0.661704754063265,3.073682535676909,0.1197983325516895,12.358868441113009
0.936131734238334,4.343119709890933,6.011568037948157,10.775132934168791
0.7620779009769817,5.785430352252398,2.820948119601978,7.827083273263479
-0.2904336772325723,7.227740994613861,-2.2164265164103187,15.19320662372495
0.54695398515183,7.364662636688293,3.102514175112945,14.086187575972778
1.492522463729926,8.42369022792256,1.4548438375945087,13.62230530401678
0.4478532188442249,5.499925498461737,0.0324653561562278,13.158423032060783
-0.0726966490983274,4.158476193775298,3.861745233987111,12.635421039485944
0.687980311478763,6.976963009099261,2.525631913332682,10.80419882869912
-0.8052629610412801,5.3701593596950286,0.4834059524091239,16.609751770403328
-1.3259907606124577,2.5087860400560897,0.2045377910535388,11.376901516880014
-0.8623220702709514,2.7296488046107985,23.73859352734333,14.03261643227571
-1.3500617934558852,5.032876919046997,2.877097685805156,7.446276547628679
0.0174187676754,9.644478413991312,1.2116980981774383,19.614197733828696
0.0512829920872516,3.4545670242441853,2.1918796345025933,11.899014163482576
0.602830276072003,6.462762444518175,-0.48476139621205094,19.594732939466912
-0.7438184531945023,5.505078056909998,-3.1614024269266947,-2.458144936406772
1.9247160836410329,3.915451840243636,2.4326344038460985,15.942251866401213
1.0811215511179435,2.5963102640907114,0.0391022568122751,4.750807375568832
-0.5837575097747262,10.030148543603104,2.873117266973563,10.210546040891316
0.4598319479484744,-1.916472944087704,1.1826597742663103,12.092684573581282
0.4963373353292075,4.270668678230361,0.8283345842062597,22.907129820355262
-0.75690206336652,9.356115359665242,4.914850502704774,17.819547407372664
-0.1280697634608608,3.3098230646131146,3.8491145908698527,9.88776688345548
0.1172673983991834,6.987815736807752,0.0439915803931425,13.860696420587171
-1.259291980901211,6.530962446997728,-21.61122557109444,13.56414631079309
-1.3400600265056393,6.074109157187704,0.7467233546201557,14.445255577876338
0.5576076142764942,5.617255867377679,-0.1503123856181232,11.769859974034706
0.9775495556307232,5.160402577567655,4.3883857386245015,9.792944490088242
0.3493868830406016,4.349364870617744,3.343109826293815,13.620174404036456
1.3775453779057425,5.659639129541226,1.06406129710244,10.683829413296598
-0.2007548128672018,10.601469284647152,0.4685643312029852,13.591975655274505
-0.4773614624422002,6.987698076122854,0.7713067454606231,8.918150390128543
-0.0483743312666421,4.68894856720522,1.9201095466545848,10.417504494467675
-0.5402620572045512,9.63991891731317,2.502747809879598,11.916858598806808
1.5656314393624609,8.46794618522852,1.631186385412963,10.699248925383454
2.206828057944309,6.261945437335148,2.624941307714251,14.039003880461543
-0.537911125382854,9.922533270940034,-1.822230224603884,17.37875883553963
-0.6951246813546205,4.30422917940184,-3.717683501715275,13.259237560568014
0.5848844557030963,8.639788701245806,-1.943623341822656,11.622377700013097
-0.1861628128766785,4.15029636699276,7.471663250973846,10.7096106132933
0.8054691552737018,7.221172385413348,0.5076163019212836,17.28402133055268
0.2533051608732845,4.638297068315509,0.8450369031683516,8.507169731810452
-0.0623452926955273,8.268090083275435,1.5339804257320155,18.24466012617789
-0.3262247855254854,12.073819835586914,10.655150083923257,16.431214241852008
1.8010295603160051,8.74771311047208,0.6014112567681402,13.492561202489885
-0.7563955429497847,5.421606385357245,6.983546849195124,12.469894594615065
0.7939958816100058,9.232435529014133,-1.7618959183008474,12.055636393071785
1.910240477624054,3.524794669042816,3.975801318355419,9.69641773371948
0.2993547623740537,2.915301068691292,-1.3659079556588112,10.897588017280915
-0.2801809530587135,9.527456312113156,2.235594443754632,9.798998967386437
-1.2307704666672337,9.209314507434474,-2.571034659686505,10.948207360301389
1.7760717233159615,-0.0486252449034187,-0.5524071276664966,15.75934393287602
2.970092861442566,11.334125638168516,1.969497307000948,10.797665469505835
-0.7296698128379242,11.46046294112278,-1.265230815515873,12.93647428757969
-0.8741873038987613,4.532142965936575,-1.446600477438316,10.460230499383943
0.5296352846622481,8.941043348684065,4.308910051034328,10.200532854894629
0.1322014245091013,12.366865947895723,3.2016781687919362,15.660861062828696
-0.8362176450789882,6.678083729540498,2.094446286549545,15.219565994071257
0.1691725319651264,5.306897536754233,-0.5812510792990819,18.742398430567512
0.7361474825411324,10.74384022943192,1.6643082360000283,12.473903231007636
0.0544185063631293,7.774639939213392,1.4141038729854722,13.075704613079523
-0.2681265724414706,7.2640015970241425,-0.142635095844688,16.820463208996273
-0.43135560394848,7.696568103161457,2.485512415336596,9.645548333472487
0.2471049488143717,8.282787646618813,-0.5712052927816202,2.4706334579487006
0.8308065982980218,10.068773818995208,0.5584637391701452,13.57321780972518
0.1018450433404138,9.050120108179318,5.973158978070004,17.081133131061982
-0.5035238338367792,4.812189103283039,1.198471157442893,12.833664569853482
1.413683346494912,12.2830934333365,1.9006861732928284,11.883881620749396
1.4752215239604245,19.200521049150744,2.710492569365668,16.41832451873407
-1.6295859556143062,7.410835422083937,-0.3231711831158703,12.486370602572933
-1.3484337235129014,12.698839731939009,1.4787358505190564,13.21678831510845
-0.8649032985823149,12.917835118616855,-2.6188004248804737,12.611964748256586
-0.5463336773996567,7.761397916460947,-0.4063828486689065,9.167707231301184
-0.2164114898307783,9.65720185562703,-1.9167084782153736,18.64836265341767
-1.2321614601649784,4.1122356770652,1.8218344737275904,10.219821059393356
0.3005071439155259,12.62255931227678,-3.0002030070654757,10.755394952518138
0.1280943522319629,4.993259045313764,0.1705040381769933,12.57756709866663
0.5239975527392297,3.4860266085155605,-0.9993074732850094,14.399739244815123
-1.3165005104119438,7.225303972921809,-0.2149109035035197,10.399604856812148
-0.9369832993922356,7.956709552694409,-3.0523273061773217,14.98858927607086
-0.3639406351284454,12.010458984807464,0.3098214616186228,10.71230284382625
0.7351717330157026,4.059025608975773,-3.781593226885714,11.287434923621705
0.8572127785800063,7.080426558420166,-4.22895835801926,15.413162553840408
0.3151233289665159,8.32583347244798,-4.676323489152805,8.984397639753464
1.384856077925123,4.812572398431136,-5.123688620286352,16.152664951781084
-0.0383185781701961,5.013125763101276,3.1175992948343625,16.12989120732496
0.5806964757278684,7.56096126184582,0.1683850296926596,12.909271099813644
-0.1510028898786067,6.400498213773672,0.0313310181620636,16.02768347115116
-2.009816223145628,5.389024301233409,1.8792798502525887,16.00001086793807
-0.005091638960797,9.722934449806273,0.7049783365571294,15.74777040446249
-0.7079437222489374,12.325612088843425,1.3053046178637209,9.838000178810937
0.2903870981012859,12.451570716970467,-1.1800498685072114,12.0752722056633
-0.3253888753350374,4.081708217942055,0.3421001763122167,10.5911193900642
-0.7123950105401369,9.17644725040026,-2.5126465425924,13.61537630606446
-0.2717573672287607,15.817200971789118,-2.1195465321982336,10.82682498400318
-0.7936292119244626,7.44302972703019,-0.05856675553034796,12.91794574328802
-1.4820403837739926,5.251641432286255,2.0024130211375377,15.00906650257286
-1.1112133769680428,11.41357017309808,-2.9635620258601048,15.789591383200642
-0.857566971538715,12.66889816667772,-2.308924624725268,14.78331061545316
2.893311695873447,13.601922491143393,-1.5969531778677268,12.24586874400468
0.329666472380152,11.101773357089137,-1.0838852628089786,10.390999115643757
0.1488662798811149,6.5489608525021605,-0.3515003847933045,6.856809674615802
-1.107004394021023,10.51213984647293,-2.124995376827382,14.504637268435346
-1.8207447406229171,12.443623499160523,-2.9566619265018077,28.46472364271135
-0.8878677038710012,10.785082878435391,-0.5553501855763958,12.071522334033506
0.1243560051446885,10.39575261155598,-2.7503280607207827,9.809994595578852
-0.00152877725756,7.397653372470597,-3.501753410143014,12.729879932368393
0.9121768162845034,8.74708368628237,-0.8219657033833734,16.56763186856336
0.4156053689496486,16.817095533176893,-1.3259451809767668,12.959659379953289
0.2109889153881893,11.14240504541666,-0.2284699135904668,15.844725713632318
1.216811630207063,11.768809049514685,4.303611056958274,17.22806264442627
-0.3640121839817897,12.878019305807138,-1.834269912656178,9.529110580866616
-0.407620721774567,13.178757981776972,-2.147233251692325,13.704065085237922
1.6620119757047358,6.702143121207527,-2.9183885074328555,15.71568104344599
1.7965530894585051,13.187032791161808,-3.689543763173386,12.148050906618073
0.0814236321286092,10.740143492559284,2.2137893075755004,14.189968853853651
-0.828254834721735,11.900991853930616,-1.0245152640502546,19.165912032676573
1.7166646828473804,5.776021682733457,-2.9403130474142087,16.87258620353584
0.3183806205737862,7.714535121648124,-2.1793463418613594,16.238740679989366
1.558701286056989,7.964858824113418,-0.4925148496732499,19.489273787494668
0.8582011063411665,8.215182526578712,-3.230161566353537,12.726764304529546
-0.4497366295640005,14.12268858715152,-0.0660467662121098,15.491450108669582
-0.0141882018338184,5.585369947591898,-5.737559413811387,12.403734415320962
-0.6819561496975821,11.535978967392008,-3.4580495471010204,13.689052112247994
-0.67087195569318,6.816091486716218,-1.1785396803906538,15.161377028026038
-0.4624638872485858,13.689173548685057,0.2662523200557025,10.737820051679831
0.6701157126567059,13.380320757505364,-1.869324922685383,6.789499673915446
0.53487128750406,12.811108544340394,-3.839165211893387,12.985966232959
0.9042908475682632,4.366361846474804,0.3083019356222332,15.181724695546404
0.8197030323729378,7.4491511169857,1.5079877601262348,11.225767619298754
0.3308078132257023,13.514318112292123,-1.2600240867595094,20.062139117448
1.26799797094926,5.480628522808772,-2.827138560530731,16.21779195892833
-0.7281923719905141,12.968572872052826,-0.582663723859369,14.538619298752444
0.7718432437660092,7.497155444676261,-1.2028269094259665,15.450933300926147
-0.4552321555096829,5.440920428222013,-0.4578564902904301,11.391110352363764
-1.6419452351338528,11.974690582415873,-3.143362985816986,13.368620733855884
0.161765549425189,5.674300992390437,-1.1056229259344177,15.274658738469824
-0.303600327298724,12.43082931699118,-0.6273732434644792,10.940895352276351
-1.7704721055336237,13.18886075557533,-2.1887910856806405,13.43354165814553
-1.2400264055417225,11.429607328393685,0.6777957223475104,2.7635037113206824
-2.3073625627241414,8.7037701384622,-1.1521189369977447,11.94673444296644
-0.0528909202504388,12.325954048353308,-2.982033596343,19.371518205396576
0.5036202373364604,13.05483604421488,-4.811948255688255,14.786184646522546
-0.5652007073216267,11.15496592291732,-2.641932584337113,17.474041472532196
1.5882883371496128,12.605030278376969,0.355521996621909,13.65828942014338
-0.1782227730260211,14.000242210179977,-1.0082929853734344,13.855351712454901
0.3128243375037859,13.46703546773274,0.1027944069719088,14.05241400476642
-0.4553748310728192,12.373811789775989,-3.5603959256235678,11.126147691030337
0.5022553422654553,11.284995034604774,-2.681719941062953,14.375358675255203
0.654989869835523,5.415765017665356,-5.107552739767902,19.956702570968616
0.3500982250343726,13.168449023921015,-1.3700392032530324,15.490748118961822
-0.612087628477315,8.613409202919458,-4.246969394289872,19.15403612837049
1.0966490670126074,12.169681118512925,2.641955877878492,8.283339640548263
-0.2448151131723766,7.678816924502283,-16.33873393354566,21.64912538525012
-0.3767245971466398,5.956299333446383,-3.119657590736701,15.628594913663768
-0.8924649045332581,14.52574668041521,-4.06851380678343,18.09008476952624
0.181322652399007,10.572229007973627,-3.872595959799823,13.650818253733783
0.3143758390258853,12.83678593536571,-4.14510254948668,13.865529036058184
-0.446856110850315,21.915042690555847,0.1770588496798915,12.362763608035092
0.7272015239688602,11.20218423406454,-0.7254629041878582,15.406824866389671
-0.7219633410703791,9.62359017638476,-2.433069546290905,10.951569458178998
-0.6129323169741228,13.311853538071205,-0.1170277505873169,19.94650837316792
-0.6465571968883411,7.311884756589195,-1.787358067456263,11.450054001869372
-0.7690609602345883,9.734395567349305,-3.5819836153674216,10.185539172878304
0.9883486248106896,14.786349112615344,-2.336869512940276,15.993581546601742
0.2025530737277131,11.038764048905607,-1.63950034886245,15.216479625040025
0.1113892838651534,8.297800713535779,-2.490793799550634,17.193430094034724
-0.2601159781140681,10.031917589261544,-2.509887301909804,15.969503869781152
-0.3568025138484865,12.023194499095704,-2.16879733827984,19.274891571469173
-0.8741837522102194,12.294506790017545,-3.3884346249782142,16.759642460142807
1.3310786376581625,5.203343872208081,-4.7808745818877725,14.244393348816441
-0.0732297870132111,13.965490860972595,-3.025854111818321,11.729144237490075
2.031736096447127,11.899501065638866,-0.7821834109741364,13.29561968606765
-0.7165968511793204,9.454456105860915,-3.0408630926750027,23.398106521446955
0.4535195992768224,14.284269961574015,0.768065055208834,7.013645414124108
1.1011367683058293,15.053062297383104,-3.243323394732811,19.22432065276105
-0.1891522852083609,15.279182899275174,-0.7285271904821595,16.188834753358535
-0.6755124770559658,9.223601582001958,-2.93999817302673,13.153348853956022
0.9476423280973492,7.566210328704823,-5.1514691555713,11.861950375153707
-0.1372138572773315,9.573231377944538,-3.33382701269561,10.570551896351391
0.5386264693156518,12.44406685651919,-5.854076677273106,10.733517902845396
0.5657332402722789,10.773949452409116,-3.3631608344288866,19.472495185223018
-0.4888811401754716,13.884147801501372,-8.432326994425068,14.381023032324766
-2.175699022205008,8.646916189948538,-2.0442167490017624,28.70714402212171
-0.3553449814138044,8.44964364234242,-5.28123356899539,15.764125673441232
-1.5031777634417158,8.395716092486689,-0.4759988861036595,20.53597554351471
0.6469705785669855,14.444489440805471,-1.566969181679147,15.38156437610561
-1.0772745342459509,9.072247237786565,-2.789680101514758,15.139459410259938
0.2801686577573687,7.40401731337095,-5.357664098134956,16.821723936081483
-1.0112239561430414,13.05023236697283,-4.150004946645309,15.077156630767258
0.0129989688221569,7.792258995183372,-3.341508368973469,16.495157944453766
-2.2907371288852985,12.557093282898084,-3.256825645886731,13.008836367965088
0.4869560076386641,13.796284116340535,-1.6744020553374033,15.79554275165814
0.3761392594857146,13.308388215771972,-0.0919784647880757,17.499107475329726
0.1018499405405863,14.274969238586518,-3.0651336837036185,14.496293591839516
-1.1593250516536582,10.131132959451996,-1.679196647051512,18.60967942928886
0.0173698046042776,9.993054662371229,-0.9231851727614392,19.407581893113914
0.6405430204898752,5.74402623808013,-2.1522293396053227,20.205484356938967
-0.3705525176792471,9.417743667731894,-13.643259358845476,16.148817152109054
-0.7411424381213381,12.282448832565564,-1.0190840666546563,17.010959299810445
-0.8868381827733964,7.184227269996045,-3.573445200426929,14.61078259362966
2.028446276769584,14.627563964748004,-4.705086176813268,17.377764953986812
0.0059832996845027,15.154264641505378,-6.105986746896937,17.978757242856204
-0.8295905768147478,-1.2895791333494255,-3.4903978207564466,17.330558733986994
-0.658044502198176,9.979632870270851,-4.463548122863678,12.25189097025496
0.2431068904497055,11.349869610712831,-5.035706261351989,16.2297359078703
-1.3467186383827494,14.22895955336765,-3.54651348649437,18.580395796370787
1.6834997815383677,8.027066632401361,-3.6360196002082334,17.63383692404907
-0.5917317672023462,12.817431266726532,-0.9419257222768156,16.39817297221239
0.8445623619271257,9.558330885770175,-3.5512174227136617,16.06561029190422
-1.248150102379308,6.299230504813821,-2.199306021945828,22.097011672487707
1.9306805694122684,11.073297598633378,1.6043569010930092,17.91559829778702
-0.1932700909334713,12.900033664043526,-7.823784297462463,15.436615980876535
1.0793812364918502,12.222990915465086,-5.592930704358805,15.75632687022214
-0.4975351514758646,7.722961469789913,-3.2737198606477707,13.755109277872032
-0.5485597413901239,14.73119786340778,-4.428620935369071,19.585609449618804
1.83046231403772,11.87541278856856,-2.768620955273434,12.112674726269788
0.5493621297329389,14.764848458313828,-2.281428248089433,16.501317873242318
1.1465480150461262,11.26113095592202,-7.092111672919717,9.448973274534184
-0.2360105487185939,9.577982279603685,-6.056841436479526,14.375788591239305
2.499812464443542,-0.6295310692494791,-3.142249679458656,16.050211834651215
0.3562914675749459,7.22800011813541,-5.674700926717669,18.227705641786056
-0.1463904237882517,7.240602331440776,-5.282185878703372,17.622478783627834
-0.0123537727934787,8.307578807578864,-0.9014673864631586,17.01725192546961
1.3391968034460575,14.620685281614325,-8.65566398201225,10.359313867295675
0.1029343605645527,14.045670187997924,-7.095747003515688,12.734325411200999
0.7409231127067276,11.100281035335192,-5.254418351274058,15.109336955106324
-1.754929397206811,8.184530554732262,-5.719153381201603,15.636639674347656
0.2697290612806726,7.053654592795471,-4.880624530063249,13.859186281198417
1.666705995181361,9.478595044166518,-4.042095678924895,18.48895100969787
1.5470647377599114,11.267673480946636,-4.603333968868527,13.962966072624596
-0.3550216184486657,13.027731909796113,-1.1758029771009504,20.03660542854816
0.7316032509172272,14.787790338645593,-5.073013277538414,17.29624686824467
-0.1083715933096436,6.798572776901732,-1.7771148523353195,15.34015763981821
0.3653375553598595,7.022301452080086,-5.323978251539344,14.497856037660782
1.9795323208848177,14.16108483884865,-6.502983818179849,16.176637536902007
-0.152660973436106,16.332728166154794,-6.1538413651287485,19.91910575099645
-0.3035406409894678,16.363308032727836,-5.804698912077648,19.92826463174559
0.0195718529951089,14.325462645282698,-5.525067951560397,18.79646434415488
-1.6284410803074498,3.435330605158681,-5.245436991043146,17.5719102688658
-0.1300089750937813,7.713638186963814,-5.2125732964960365,17.52960420197296
-0.0599506115816452,11.62043920275813,-1.871386657154078,15.108107120357658
0.2304791636504302,27.52757893084195,-3.4265799790087588,20.862080643204987
-1.941335616926425,0.918983379856776,-3.4804385564405544,18.7883878945336
2.6443377512847053,11.717350088831866,-5.988587664463283,19.94180133253248
-0.5372364746218385,15.234610372196045,-4.725563749631754,14.2498662731281
0.5775073833721962,14.550041677779097,-8.418443645570349,12.91607378294696
-0.3103288576864977,13.86547298336215,-2.915687800170357,19.60788800138627
0.6169811755458006,11.646657293471812,-3.412954081093836,11.608402818945397
-0.081261322897333,9.42322357648849,-3.9675606895202806,22.19348663649107
-0.2541068412333399,12.382513190228911,-4.395003498209294,19.378217332027223
-0.5135984888602751,10.178360555913557,6.681418697869876,20.13763213606233
0.4064458562838072,10.529871719400155,2.8568479598253367,17.414194153690243
-0.6410369498507749,11.005768338828448,-0.967722778219203,14.690756171318158
0.5291460962553894,16.29289337493546,-2.0036003144504875,18.8074726088569
0.1592061001874655,10.805907745320862,-2.687978429420543,13.728613421455387
-0.4323743735226077,9.299768364431422,-5.671715417911575,20.613655456675964
-1.4713880548119145,16.887390780206275,-2.661077477228737,20.466430653923766
0.5653276094907472,13.64206349978777,-5.929215598111655,20.31920585117157
-0.8616057013914596,13.50612848200345,-6.275490839947786,13.25419121029247
-0.625101316674109,10.256198924219259,-7.838777638023483,16.307614971085087
-1.6251717413470597,7.006269366435065,-7.272108315740629,9.75620241076522
2.340105552349844,8.976844934434746,-8.043055868587441,17.642312623017105
0.5631733236343348,11.316490433551031,-2.4642092057723985,17.764958113372384
0.7085970115191792,10.948914276102384,-8.176671822898406,17.887603603727662
-0.3412894204770292,10.581338118653736,-2.6795497145453915,16.868638698431667
1.1193423731478496,16.746319650096734,-6.899522800533379,22.14825331012636
0.1740334686814885,7.894385390607951,-2.905084216557663,17.77856600389499
-1.4520013068964936,12.024828165985747,-7.776750993571369,15.777647971551948
1.7109644385803613,8.793804859972287,-6.416200898327539,17.634532619510175
-1.3150193922631477,16.098201808081917,-7.570326260712126,19.4914172674684
-0.4899144945489821,9.458534102530937,-5.819014576543028,20.497634372792167
-0.633948030603532,10.773678937631278,-4.067702892373929,21.449307027053283
-1.3329868780499348,10.187249929443476,-5.655957011851674,22.4009796813144
-2.449690915024038,7.922756823543803,-5.756252073635792,19.01291253554056
1.000409720586564,8.922248688537847,-5.464254525231019,15.62484538976672
-1.4468816754262332,11.022485777219902,-5.111943823856076,14.26953786964262
0.0038425324702185,9.131788322497176,-4.802380367357299,17.24002741155521
-1.057424431857921,9.050498754055788,-8.208146442276096,19.068579201227877
-0.9318695842833252,12.822377113864778,-6.065895532131635,14.550742177746756
1.0317927537789755,12.382106123814202,-2.9161303075588165,10.032905154265633
0.9878116798714136,15.503905968944238,-6.327139716166118,15.242075773940915
2.146383671566234,9.134199299722964,-2.903423967230882,20.451246393616195
1.4046335769438645,7.55742404603089,-10.308317700851193,21.58788250394615
0.2031699081635344,8.282367454998942,-8.474530693060371,16.60681148296104
-1.0077416753812758,13.632981546653612,-6.640743685269551,16.2082219953367
-0.6677406376583415,12.869714493021467,-6.192282752640354,18.79314378166645
1.0031098162763223,15.537254167409335,-5.338984051696459,21.3780655679962
-0.0016176423794311,15.34784287125738,-5.729714649217112,18.98880451107558
1.2134727162462078,8.895751193784092,-7.620549386619034,20.741362300667863
-1.4848575297459723,14.649012880140338,-5.675689181862613,23.27651977197558
0.0627944946364453,10.43713438159987,-9.099002341904926,18.920406522314597
0.7047276412077986,15.960165057685344,-4.641242882389,16.04848039586388
-1.0419592104895024,8.442913024824696,-6.479230152817116,16.04628648488243
-0.1396871591280739,8.302184056252681,-7.5307377544906515,16.063905417163074
0.4143028269043528,12.582777194353516,-7.089363989282139,14.768749230963092
-0.8911114392538461,11.102604895887998,-6.647990224073627,25.67736058755704
0.4922631969468983,12.81260585851263,-5.161963762370431,19.89687775772887
1.2659038208983178,8.008650687895564,-4.927292165031962,17.33608637197279
-1.1890369056789776,17.32840100293452,-6.687140707912697,19.375990382283405
-0.2562542308672489,6.256047616083363,-8.21009954756073,18.34450137549097
0.1016593893476905,13.184211070639174,-5.746014353159906,19.15246278334524
1.567862529505299,17.676772469740058,-6.336074144134407,20.350933949228548
1.9337488220277328,16.051367112820287,-6.602079629624312,19.18180124440477
-0.9710023458921156,22.69681016186279,-7.861464485194866,21.687595098072027
-0.0975745592038648,8.074190343836198,-6.333287974661621,17.819264918304537
0.1834009493090592,11.202084172103852,-4.805111464128375,14.283388489485365
0.801396065138843,7.952220607569252,-4.782506941823953,16.914379198879793
0.4069188867858085,15.751916571505046,-7.654884215502073,14.633358656671913
0.5642063183559078,8.949655462202031,-4.968265134866247,19.40583712693037
0.6023150363118216,30.389349624066977,-6.663579580202655,16.424943588965892
1.0583812444567886,11.616162508224036,-7.557250551579476,19.57457029354444
-0.0205094992295034,11.706728438100267,-7.84894644917257,18.91309712480621
-0.7951286149280882,11.797294367976496,-7.955800017947467,21.972643676608687
0.6149481291267708,16.984865607100776,-5.896009676476726,19.628579412482228
-0.6890363928609791,16.812267393537446,-8.003634973488843,21.14237282058177
-0.1430449154745708,8.181667338482411,-6.772258653707244,13.42676564588736
-0.7730933205115137,15.07099202380535,-7.911132336448444,23.85313014261336
-0.3473890993734599,8.816228221839046,-7.658575043384971,17.600235120011078
-0.0568660685910807,13.7991955716684,-6.17850676964529,18.654288623160586
0.7829521087651653,17.653530257884032,12.46568723574059,14.411635507283505
0.7558912235760978,15.390659820181533,-9.177407917469528,14.582520401830086
0.8581185063735524,13.127789382479031,-10.941402182305936,25.438029794197178
-0.2406419952007952,17.759968112503117,-3.3449876417497397,27.43714874964818
-0.5610593141109778,16.909019468184542,-9.591213022495436,13.2868268995783
-1.4394368478217796,8.898051282205529,-19.097595900663592,15.974865922750386
0.9424903472494182,13.877365096649736,-6.172326676995359,16.83712008527331
0.8289566274769498,10.264433092740187,-9.499012837068848,9.437320695739398
0.5527257010094794,17.549167306498845,-8.769060961701873,18.66349761682828
0.609743248989437,15.833866870828045,-8.039109086334896,25.297558334425933
0.2252660063748298,10.8796319139455,-7.309157210967921,22.80147793155746
-1.4360226977503658,11.459202475107316,-8.156210909673389,20.305397528688992
-1.1377232822300678,17.378692979862436,-8.629048760828685,17.80931712582052
0.5057930418530918,12.380603530478211,-6.3758299757769,18.94758604744573
2.442058041260974,8.392950077504684,-7.871677216797211,18.660258579047746
0.7034773929045826,16.834235048929397,-9.04784390423992,16.864683482382098
-0.5479078047447303,12.99614649818978,-26.521106986066503,18.01397970145444
-1.590080908479505,13.061959157747689,-7.470482229459517,19.16327592052678
0.7322187217545182,13.11551675553938,-5.874144789460715,19.7479187509966
0.4204916357101309,9.848301967137704,-6.622657137975402,16.8099570161502
0.2787530988732046,12.105895770310234,-8.070069571924247,19.09732396445233
-2.6402759823235757,16.842346407701868,-10.75535057781856,20.41116737946207
-0.165526568117117,9.939641924453378,-6.11414549351063,22.09466839808662
0.5748147479186272,14.706148290994046,-8.176546731028893,14.523158547550452
-1.255383825549212,9.23013482139388,-10.668774432778791,17.721393064466888
0.9412542185542888,15.724240078466485,-10.616558326880664,12.994885974180455
0.5050250112661278,13.37878213811349,-9.870475495932574,19.118428930573927
-0.0407093917907059,11.033324197760496,-5.806785705975235,20.537457519529475
0.3683324381980083,10.539016596146944,-8.413944818668506,19.49309032654327
0.3168052795960908,17.3742970778897,-7.025506779973427,17.13260594387272
0.4261919629889547,15.367018708748857,-7.606680660608401,19.976932685900906
-0.3004878413016214,13.699750381111814,-9.156814852468134,22.821259427929093
-0.2379338565325107,14.843513916072268,-7.993765027999748,19.98001643177023
0.432740481929445,17.56040315327001,-8.193828929853206,17.616174651027034
0.2315380575692424,11.4088341368542,3.258684083786614,18.932480354600738
-0.1165758088445809,15.00928318799035,-9.056941039856302,20.24878605817444
-0.1859311120153563,12.316927790926208,-7.724588623342436,21.565091761748143
0.7460083046352796,14.656885259089046,-7.733160422592123,24.6419635210644
-0.315558913097637,13.280667244534293,-10.933574711049678,19.600551494924517
-0.6261190348230701,12.777776862593766,-8.39993531293964,22.97572717004907
0.8709217934753415,12.27488648065324,-6.876328010748275,23.111446594486942
-0.4882611363823539,10.107322205465463,-6.338536530909764,17.392139801455826
-0.8837035546937562,18.065031532582545,-10.669523266905284,16.760360580808797
-0.5845362835059219,11.667218555019618,-8.732508539080847,19.891308996812132
-0.6701876434286276,23.599963759191752,-6.795493811256408,16.78106101015996
-1.0382086944904168,17.001955735154635,-13.319015994566325,16.19005022975809
1.3505406796393706,11.576587338383623,-7.617103057126658,18.67608298529648
1.1746966526085905,21.435018322525483,-9.403369529342518,18.748035455090367
-0.4760609669009502,13.198425497611876,-10.907639872629824,23.34006798527185
0.0457347949730669,9.482956455519176,-9.437417346144192,19.550333118811917
-0.6560703234099693,12.4894882903402,-9.42616364753294,23.82615379484552
-1.8679858373048643,11.114467481873914,-8.345259708263004,19.966996906202144
-3.048772329383406,13.9814968348388,-9.361046684182789,14.629436093786271
-0.6669892781062191,16.78439984915147,-9.614433983289246,23.37625132841078
-0.6527538288273733,15.113722714041607,-7.820540727933165,15.486551362062093
-0.3218025857365717,17.689315868743407,-9.804981455426024,19.321073057946144
0.0079932624272865,16.82662360660818,-9.538548642809088,19.38036171582138
0.6710227003359683,10.351038685866673,-6.613000700453758,19.43965037369662
0.5367978039412434,12.71300736585316,-8.465933076311565,17.807391902434286
-0.5885923183986935,11.22365721429123,-15.560583525138416,22.102276508377717
-0.4019056978365964,15.269958996534214,-10.555403472678789,15.355861507400752
-0.1709781831130515,19.36423894310192,-8.926380996478443,23.266376191524028
0.4317292961384378,11.978222380862634,-8.62036705289611,23.60887241241098
-0.4262385960326456,14.07086038602792,-9.63016719673293,25.05555440892616
0.7779414903006533,11.857093492475943,-4.764653317221601,13.73595813831612
-0.5688957468214175,16.596644504140716,-6.186824744187039,15.386286645652572
0.4064145666320352,16.542120140691306,-12.019441993074231,20.41387090056476
1.2570283225309538,16.487595777241896,-8.458935517859741,18.108172133607447
-0.9231557380837364,11.073454512594807,-8.484480656386381,24.69200452961875
-1.5776618926246555,18.503085009937934,-5.946021615696713,17.137474559685952
0.9208116519440824,13.45843439346345,-9.731087572319709,25.9133044468877
1.4401636805927076,10.478438824293615,-7.590843579726705,16.131097004755084
-1.1336055483950989,16.66251189774608,-8.146149365082527,18.92050952104897
-1.0183389746360774,17.779933333032858,-9.810034940459984,19.361044133998377
1.340226718080604,14.736103675467763,-11.81711614668571,19.666966846994665
-1.6420111862276414,7.099250081042012,-10.114569295824277,18.609000684243348
0.7472249717452828,10.045973295377827,-12.123870350083752,18.250987363921737
-1.7053216224713854,12.268228306112594,-10.370049347188694,21.204105925459025
-0.4324037374295082,19.665719688171848,-11.841793504925008,24.080151271111088
-1.4308596651337802,13.085765868072098,-11.071414479874942,16.603011240972492
1.099448443851674,18.20129015619453,-10.301035454824875,21.131947563641603
1.3448364609330137,9.859875737850494,-9.2081014369117,10.784777341515916
1.273761998394494,19.287901431537996,-10.352830493108504,18.09823596351401
-0.219182540985304,15.943682431395056,-12.153490980841504,22.08118223922885
-0.8667386203597823,13.667431684849204,-11.400066873576456,19.6810722518815
-0.4117455314038667,12.22032666582359,-11.70127780943182,18.883934025623372
-0.7155891475172045,17.27475967884571,-10.998873810316455,19.873649752909017
-0.3532840556145838,13.330926304909063,-10.29646981120109,14.567974289476991
0.0631617046009776,13.42102517387457,-6.538709194724554,18.67968297000105
1.413995998410725,19.13710326562579,-7.65636277546977,19.410182797445295
0.8638655604330872,15.92779319949036,-8.093131338565561,17.012608665510886
1.3504833361475512,15.528676019041772,-7.470875832805994,18.18378273239429
1.1719426016583436,13.434153741217935,-13.548473794214177,18.215711989443207
-0.2505612360628511,17.723676737396158,-10.747951842263817,20.50403420842093
-0.434165045446864,12.714519308613236,-9.73035512860004,20.52844492190248
-0.6279302766546768,20.366927623855812,-8.712758414936264,18.863118093432117
1.1810710891611689,28.01933593909839,-12.044548019600237,12.450127103147397
1.1786011540615695,15.919442838312984,-9.507663437881089,17.85436797757159
1.568526668405939,10.382116294633416,-10.152383139671652,20.277380404287214
-0.1409367827156619,18.972849180881667,-10.077562517551556,16.05722074796804
-0.3230208184494012,12.229108167160426,-12.597222518273966,18.25912208588053
-0.271457560196939,15.43092619377222,-16.230669636731356,19.575596076784517
0.9485741192612304,12.22584209788609,-8.679887670998088,20.464862566922623
-0.991020489802396,16.886659522748868,-12.371235574450612,25.729638999164685
1.3826427785721864,18.63654262926366,-5.498118130480767,20.64742893004647
-1.2358145168242216,13.957952436573905,-10.362064285389994,21.68692641985841
-1.0859985412510311,13.148717063598202,-6.073384140756392,22.726423909670345
-1.088096696872231,14.81762773617764,-8.546318814629059,18.12737013721416
0.8984761292560526,16.486538408757077,-12.382439953585326,22.554141703416462
-0.4116619085732602,23.20080843586598,-11.884870105607446,22.68327476168036
-0.7927033885717562,15.874453716979618,-9.599064503727856,25.93665010391368
-0.592028480108386,13.732297897664708,-13.234547554596098,18.634428336892647
0.7981204174042085,12.15563164676832,-9.107563364614936,20.3535553673103
1.9033445619902984,12.805622096543155,-9.62684320200737,22.072682397727952
-0.0583746986155463,29.064038454168383,-12.003050855793507,22.394120340081933
-1.2260636796826252,14.915961209343248,-9.495618612859968,21.602792924778043
-0.1478098459942559,10.709396424474482,-8.89425038080138,23.63565824303325
1.0872311764177502,10.607068690392316,-12.025689148992823,22.12791654541416
0.0978711915705539,18.49581420096121,-13.701727267957205,20.620174847795063
0.3920089844917736,11.322665670784112,-6.797752341856373,17.520676528324213
0.13363895227688,19.078333401830385,-10.966811887545486,20.784478539975773
0.0608133969603118,15.657257033833623,-12.711176178233616,18.902467742987582
-0.9346392969683618,11.657945796422268,-14.27468535240953,19.99028182533004
-0.0286480855079767,12.85079722651992,-12.492970584626123,21.83514186059924
1.569928484858891,13.324847546589712,-8.078193505683291,31.55793625912317
0.8243525346777334,19.35546875493589,-11.97462667879789,21.6222746671249
-0.3047756669259423,12.80654108585662,-13.224714960151957,22.228805198605848
-0.178121847599985,20.70562425344886,-13.955885660913468,21.48599511770898
0.1770083831005266,12.0729136873585,-10.99012262292327,17.755933353851415
-0.4784537379099252,19.33647053593389,-10.674971038571702,22.954501436789883
0.5594569558147184,15.37164631483436,-10.359819454220135,29.70333567055985
0.7891380767899657,14.502456209224308,1.8755959583166977,16.502310723962278
-1.1790014885567646,15.339480345928306,-8.536473851490104,21.627734035926707
0.1829587130721065,17.05625868510878,-10.143599787845924,22.7165193179713
1.2200532923793674,14.050023035790336,-13.333016040933158,23.805304600015898
-0.6886125755566661,11.28632330837383,-10.3665827508281,24.89408988206049
-0.7629116413165838,7.4807869657451,-10.851553190296196,22.13842909424736
1.3061760216526688,13.48777899714886,-10.160359378525277,22.957797257251407
0.3810544382557975,16.741427439467426,-10.484377200945794,21.138215507957923
0.5053433595827646,20.91665355142755,-10.89931450076294,20.213312335842915
1.195709037553523,16.787949585786407,-11.841338750628372,19.119041152276537
1.969645335089027,15.895066318730484,-16.208138252369572,26.776823211498343
0.2462645702928058,12.60807456333924,-11.96514524781745,22.43198738259327
0.424721872513804,20.075158089004265,-12.631320499482992,23.378509796239328
0.6446703245038915,20.953698453509112,-9.525869236013524,18.959102589683027
0.0575335126022914,11.911040805738894,-9.974804407428294,24.74812770874466
0.3003345533811599,15.388093757859512,-13.089895009242616,22.77330487374428
0.4405760212755279,11.869043641104964,-14.253728927311384,18.518377830931215
-0.0856759593078446,13.28328848847833,-13.85055440998118,23.98124922400723
-0.9799556560605748,13.49665250242281,-13.173579681198888,22.176158376812197
-1.0365803770735955,13.094823705147782,-12.461192609967368,20.37106752961716
1.2267719044638248,13.745279844621187,-9.570588622847875,19.977365424972785
-0.2294714573736762,19.127670290018592,-11.416151716915024,21.207925147581257
0.0618678069435026,20.664180813512708,-8.984361169871498,21.206089201027435
-0.2915808881673101,14.983489290782378,-11.971682698195693,21.18476047981271
0.630920010062196,17.344975985912825,-10.941841654188517,21.16343175859798
-2.3831642249915395,14.72642742597241,-13.159283141478744,20.417592179989487
-1.609361145202565,12.107878866031996,-7.688497766918481,19.671752601380994
0.0538039253411049,13.02553941438222,-13.039994950106896,21.43841039808188
0.83635247736977,12.609466726192837,-17.46112742363128,23.610150141770152
0.9305854126389136,13.579915931765548,-12.461535829777382,16.129751725993174
-0.8719260906207946,20.586975998506823,-11.787412861119543,16.994590590782636
1.6772944846333648,13.413168918567964,-14.539759790841131,22.5992786449926
-0.8851406721971679,17.569666026413373,-8.416979898995324,26.328181432915237
0.5851947141673616,12.078385888144236,-12.611745994430173,21.785281554166588
-0.5176005657072673,11.58728424841995,-10.014064900372606,23.395493698030545
2.0133216357629427,13.006031561793465,-9.591649988714972,23.673373467429577
-1.1914722241359292,14.42477887516698,-13.160441749508244,18.596356439782028
-0.804553386627312,19.611597333648568,-16.04596112185717,19.05746786749822
-0.1364003014820898,11.968025465867624,-15.953943793525069,19.518579295214415
0.6502559195150434,20.27059053200835,-10.51662722859713,19.97969072293061
-0.4726630231852025,19.67992242104674,-13.644693366719444,23.786802646135683
-0.7099880848238926,17.120509516228577,-14.298885750577918,37.40400380024644
-1.1844903043866524,20.395567245278087,-9.54569771244056,17.336855781541853
0.3783179498698971,18.16872318036477,-12.214185494392025,25.10581038389183
1.59567104620135,14.23740093560717,-8.437444487606255,18.726414149153136
1.4962938613676284,13.952212684184673,-14.930451056067373,24.173659583583916
-1.2706108273688217,13.667024432762176,-14.761171163889962,24.920797106091584
0.7820036974680932,17.77303025324757,-17.01083967710436,20.76714421467608
-0.7174357868360068,16.555342857566327,-13.755184656808012,20.23218685025995
1.3736698959507103,20.42522478979729,-13.01565081665339,17.945589264425163
0.38660866416639,12.77136067168166,-11.439385332002432,19.88416986715744
-0.7791924812741818,12.21691245828529,-13.43234533638208,25.41784671903272
-0.1108928832592504,18.4953454969611,-12.076086944597495,20.76058902019201
0.6341996553857118,21.32522318855333,-14.976895824157932,20.680896443775985
-0.6690455128718793,13.994881559600106,-12.683322116949501,20.601203867359963
-0.1994530632023767,20.14978702302345,-10.38974840974107,21.826597270834355
0.481351963980354,27.26393296979504,-11.384825232367373,16.27083245879944
-1.2194193047569335,21.227332015454348,-10.83937080723912,20.322330362315604
0.5093216535321552,12.510243030981275,-12.174218023375396,24.37382826583177
1.070883494673593,14.63392155046221,-12.93385575936405,26.24516530638903
1.1373547505606,19.44126639539592,-11.268582717192526,21.29930927900759
-0.7868012075744852,17.215041350869615,-14.155392381974874,19.806971207478338
1.6497202664895263,15.563224975755665,-12.598930668770366,18.314633135949087
1.9553950228110475,19.66029277186277,-12.487298062389216,16.822295064419833
-0.3451503784239552,12.763107012913135,-14.390949018011892,23.88301411118477
-1.5211825213647632,16.579432317116417,-9.337958947876302,23.589101297072403
0.78305785887526,12.776313239699016,-14.553456063910367,18.06682345797581
-0.2662041516937609,17.2259198476211,-10.11013545855688,21.75529550434638
0.2058271607183022,15.491824908431461,-13.82844360807746,23.018817940886954
1.5548735975168324,13.75772996924182,-15.355900073622433,24.282340377427527
-1.283600943319985,16.386678201875295,-13.828676187839296,17.06634918370569
1.194460659351657,17.12004842726221,-13.747832990515365,25.536612159144745
-0.7412947563484307,14.859278465620488,-15.120216584950793,27.095043026110037
-1.8501889042379167,16.851234470199415,-17.155962928183186,20.9106816316653
0.2710855675829082,15.752891804268396,-12.191364061520904,27.35869993050872
-0.4339559794113135,13.529704353746272,-11.820229034361592,26.15528198397028
0.479709090863626,11.537378083287804,-14.536451066243869,21.08120475411348
-0.2564270048010443,15.769452038064804,-9.985204727589338,22.124090643557807
0.4098366760453952,18.95200290076915,-12.54434577582005,23.16697653300214
-0.1682523893906191,17.943840834654935,-10.25432298560742,20.462922749771856
0.4503416556981152,20.928555786341928,-14.306481028290554,21.902692598311265
0.4109459192565725,14.432946798453754,-16.786343470345603,25.31334535713053
1.2257265743948045,13.479265880706038,-11.607987558047787,21.66749018651612
0.876554297197576,14.847075675936376,-10.543094216413094,26.195418416950613
0.5921084749541777,14.65845554698264,-14.463880688281447,21.686889737018117
-0.0576003599534083,22.233809534374743,-12.410283157667902,22.29350948845813
0.0625654362275833,18.0738645964752,-12.680642737730343,24.195875788734725
-0.3143102434190897,16.616693973638995,-12.925086583785635,23.87088511748327
-1.1421373973415383,20.91030607430168,-7.701583130844988,23.09041473119456
0.137553450731924,13.211884968069828,-9.601630079899518,21.61809218000422
-1.0749565886514698,19.835964160770487,-11.50167702895405,28.34499759898597
-1.2498393842530522,13.748775766510636,-13.062619249553808,27.956748635691834
-1.1755729644512,22.22550391689329,-12.307080482631584,17.104615862467227
0.8238065597717483,12.948976351709058,-13.343343295189978,23.966348048380368
-0.3938179648123745,14.981857370537291,-14.61184889516721,26.46909744476344
0.0971575340826851,16.438055644644322,-15.880354495144442,23.15165457794867
0.4992820073353919,17.894253918751353,-14.643303961781635,23.06094095213855
0.0851889234510507,35.967300675635386,-15.364259286744396,22.132025238695697
-0.9748415839044112,14.879083128641696,-13.76384357268818,7.163901679154648
1.337685176572912,14.46763148298919,-15.258382470860765,22.98716558387813
-0.964339028414568,14.056179837336687,-13.5886797179371,19.5696584566674
0.6251710955765208,22.131198772553105,-14.760910690127108,22.380480694403083
-0.7877768949515777,14.475745712969433,-15.933141662317116,16.43742985706802
1.0120431957727,14.889262285202957,-16.104170407636115,22.129201812723863
-0.414397886877172,15.12980015667504,-12.205817493977348,26.24524450370337
-0.1877916092761302,21.17046406774892,-15.67528392837406,20.70999484943145
0.978529312802292,15.134723291842974,-16.651287091189754,24.23337220423116
-0.4349684806084999,21.657182829394262,-15.140337025972292,24.93635726117076
-0.5406458126118103,1.7238998933049068,-13.629386960754829,27.80639248711752
1.3793873422411658,16.261341643803657,-12.20535593157651,22.73484566383012
-0.9252699164866328,20.433379021084505,-15.67860174054882,38.935427089585296
1.0680050192328223,13.678746770014468,-16.375896495604835,25.48168783154009
-0.8226805864824972,14.684590644037565,-11.75613226251913,24.002821264900888
-0.4188800923415843,14.328390204989498,-15.883941224729291,22.588894098539196
0.1644697405164981,13.54544213623108,-13.043358796118332,21.75266167426923
-1.105164009532957,18.721322011363416,-11.217505857703136,15.443897973469907
-0.1590751503263647,15.5202107535562,-19.705106472857928,23.740043367580363
-0.4000565051449835,22.539894870046588,-15.858882403361026,24.4888015023701
1.3690435893554098,14.857162883109154,-14.276287534832017,22.198275600502917
-0.3499589300895628,19.770850238829613,-15.896437347604206,18.10510938518988
0.936497059435767,16.59891864020981,-15.844926249526814,25.864029670091558
-0.0023749215644021,13.426987041590005,-14.45302132492501,21.28054889837208
1.158810850816213,9.75934924047429,-15.29449261146024,23.360610384738717
-0.9639683277008309,19.403739941000083,-11.83211100166318,25.440671871105355
1.17976035299261,19.292634473424705,-13.16389089703734,24.741567994778748
-0.8861396336194264,17.66782158953965,-14.4956707924115,24.857946051183035
-0.9774878580286344,22.23229258304305,-15.802301152240622,27.665123488204266
-0.231256954302966,17.77531604028376,-20.666049893538155,30.472300925225493
0.7146401802276819,19.6460287927456,-15.111001735563011,19.910699647796445
-0.0709196447111877,13.919785388937228,-14.796892808883662,28.25661595619391
1.666341953040349,20.7353316877302,-15.03193602445622,27.276769787576498
1.2468947093685137,16.560529306568583,-17.10696028625868,26.29692361895908
-1.1954497620396776,18.412671642741493,-17.244544418998416,22.451327618792032
0.7161550617485267,17.167599270735344,-13.91651908771198,16.100356634386017
-0.2281904752617399,21.094313524051422,-16.79944206353765,16.91664778120396
0.5372340683729598,13.57383989232027,-17.017428233389023,20.221330035012876
0.0659368672160618,16.042565445722033,-17.44418667765583,24.628844105137844
0.3088440500016676,18.57431576657357,-13.844378747364248,17.853234051510952
-1.3523196349924271,19.581582901719244,-15.330580749691457,18.125695970248596
0.1607790096212303,17.5400509713942,-15.95297637155185,18.385748910343462
0.5658176348902756,18.43832628489509,-20.176085675002454,27.058695964815517
0.9168823087365372,14.407855771587675,-15.610178190106076,23.00198757821531
-0.0745333347091479,19.35337448755587,-15.26870371635396,23.205040632799708
2.4913508916745832,17.954682567594006,-15.702369018761209,25.82941759145716
0.4666692295337188,16.88224730391943,-14.648321694783435,28.77419422050969
-0.5736374060715659,13.938945352091595,-21.92907186647512,18.58090980011854
-1.2059405465772262,13.839402205274649,-17.368367358395695,27.517893088383413
0.1492744214774019,14.06699341516681,-12.11578224883126,21.926067232042364
0.3392058053801082,21.545763348041223,-12.9786353522478,22.02157472095587
-0.1904615255352925,23.289130792984505,-16.278164587600255,21.981493524592807
-0.3392045597777908,20.521223686027597,-18.30915749434321,21.94141232822974
0.2090685046683048,19.078303506297072,-13.994848325698458,19.379979766364244
-1.1987143805560887,17.63538332656655,-16.552500882588056,16.81854720449875
-0.5986474154933525,16.192463146836026,-15.634813269229248,21.376252660911884
-0.1075335853059157,20.582438318688297,-15.710373353740431,26.92565038813113
0.1586178202564371,21.488515374093183,-15.442575154198288,22.09587393550049
-0.1587115444917098,19.55436678969865,-16.41615687309775,30.65759152918568
0.286033464787538,21.09589902865036,-30.869549323892212,22.50859077301986
-0.8863190334268743,21.23401613836078,-14.989783752590244,22.21414189207298
1.1077560728784308,21.950034912396717,-12.443883094782636,26.72537752284688
0.6837106467006611,19.85124882939882,-18.19292452205546,20.36863009061613
-0.8542183321824768,22.099805341840693,-16.454678907521263,27.51411834392652
0.7759001256365943,18.890560571858803,-17.255353302279243,18.637838291170603
-2.082001607998452,20.028143972205854,-9.912494134567456,24.48088102169653
-0.6001557539433726,21.664978162404488,-18.00807765180034,24.803091360102314
0.4781692344454207,14.901099127106852,-15.923742966941518,23.224385753057188
-0.1214339182586824,17.151310550831994,-19.154714273657515,21.45240125998956
-0.5592614901449025,16.784282600825644,-12.143415324711652,20.16435195105659
1.4539076449371389,19.86714566758963,-12.930881204062151,23.048602885234764
0.9569976978749336,20.256711467269987,-16.391950890305022,23.70027464340178
-1.660533486152024,21.534680996741248,-20.876785614830595,23.566028621491206
-0.7202480439771447,22.3033431987438,-16.128406367514245,32.82231746622318
-1.2332400242099837,22.34466903773101,-14.336444568084552,27.18925277512148
0.4716291826519351,15.79735915939641,-17.011189211690954,23.012039036278267
-0.1681000320980841,20.83805849099605,-17.290756231980417,24.496111851294373
1.557775257712514,15.077394798230907,-15.36330804789738,30.3818833399174
0.039695008485985,15.37355799176276,-20.687678864475984,25.0328166057148
-0.904596687474104,17.366750270881294,-19.113770837351016,19.432563462114395
-0.0843854696315686,23.42133344186925,-16.450014978486422,21.099762497212986
-0.5868700747231883,20.130776623577532,-16.21195273116369,22.464866526359536
-0.81441894955036,17.132513480798497,-17.154821940327675,23.239738168067003
0.3631676565453054,19.001172544676148,-14.41344821904917,21.971248147785943
-0.5044525148925717,20.8698316085538,-14.353591335812265,22.94475018282242
-0.6518672849231895,21.569255250195702,-14.784336570571583,25.6507490953174
-0.0903283149165172,15.301005686010816,-15.2150818053309,18.85854433633884
-1.750556215318149,19.579979202903814,-15.645827040090218,17.424353104820668
-0.0363852461379848,17.38131967772134,-16.005560830747214,24.21562869899325
0.181739072605236,15.182660152538867,-16.49590453867944,26.749309872435724
0.8619089621872903,18.67179723432226,-18.6811060978086,47.37107878573777
0.8056520870523939,15.891491169837051,-20.866307656937757,36.09495268980346
0.3107074092464632,20.380249281584764,-15.912512025895824,24.818826593869154
-0.6658259395303158,19.31230698333753,-16.74162885139016,25.99161777179966
0.2197460816976656,16.560477854001203,-18.94293767116423,25.007513011003756
-0.4417299774373617,23.95541560858869,-17.725764532382506,24.02340825020785
1.5033857665770916,18.052870886973796,-14.801215903005806,25.832137045914777
-1.7676736241649127,22.17015003249147,-16.984895749710063,27.640865841621704
-0.6261083965674742,18.610281005255963,-18.561959666765528,27.582681217251174
0.117424447176058,23.124044008509003,-17.020653780862055,20.116401542303088
1.6527281727088223,15.240689985623083,-17.45281539537285,22.91126917425425
1.9874291947361773,24.39699561110564,-17.213856250304893,18.86109676141272
0.1639179159527042,21.207261694994045,-17.58772883768166,27.47759607667096
-1.3813570734853542,23.258994793051293,-16.341523699431043,21.38456345123364
0.4250707829400815,15.761299569656304,-13.926371512446575,30.27475623321433
-0.4969625289054387,19.01625239051436,-20.63769364549008,24.15776491652093
-0.9860108749152994,22.86459207614576,-18.83382862615301,23.11246387548141
-0.0184910485650995,16.5291251458107,-12.617109079595966,22.06716283444189
-0.9160913348047512,21.92612874615254,-18.26763990331923,26.29694046605317
-2.105140795473584,16.610509556605166,-18.028487534995204,21.53939641723412
-2.0930580307172737,19.346195623033957,-16.616219400446266,27.83110069337048
0.0637555780779391,22.081881689462747,-16.854775779471264,26.614229022586656
-1.3650039207907825,23.520993223859502,-19.93813313079466,21.772781571860392
0.7798848297960711,18.98798561699245,-16.325375084912856,25.56686057229385
-0.4393840469942511,16.980159800290025,-15.203513489854815,24.749022689391342
-1.875855785856883,24.218848295667,-18.355188449747992,26.045738286059887
-0.8576573986506253,23.108235379707025,-15.77326677795572,27.342453882728428
0.5526067148674061,21.99762246374705,-18.185223446813804,29.231093568522503
-0.3139486464457209,19.59919274099765,-15.325190818143357,26.903391315581977
-0.5590040134347793,15.62568866290674,-17.93439588616777,26.762651485792727
-0.4333271756900361,18.82530265996438,-16.8102664999817,26.621911656003476
2.1420519441119232,22.02491665702202,-12.964644433515003,26.481171826214222
-1.2247092050469874,23.49017938401853,-16.96594339708577,26.34043199642497
-0.6383811766048739,20.197666865720144,-17.391545178612635,26.19969216663572
0.0387029847479567,18.873190670002344,-18.12590095854138,27.91940202367284
-1.0678282011555102,18.64412143046512,-18.796117823474678,26.58885569786457
0.6619481488802431,23.475928867275368,-17.10576971341014,30.247351303547255
-0.0169833098239592,24.025680363453915,-18.18132019387944,33.90584690922994
-0.011704701410925,18.042993057844196,-20.38414713489364,32.30940384097546
0.6926845636910792,18.2910262932437,-21.22466760367969,10.077809027565213
0.5437174296704571,22.708423154089765,-19.97418850377841,22.61318828396952
0.078637049668315,17.209951445729487,-19.920223457426506,26.157486552667898
0.6182758081660955,24.403480096231117,-19.999593752097464,22.3148903158043
1.3674723179815895,15.52023479205026,-13.319472219433033,17.116192829924117
0.9262061137608149,20.87479168168626,-15.876058596014078,20.56754283410108
-0.6739095918098532,24.46583703480734,-17.61583600071446,23.32085280269764
1.0589864721619269,18.73082562769593,-17.87758286434278,27.342532911464577
0.913032711083702,16.691994477027265,-14.31492797803667,26.122870955883315
-2.288601359352368,15.820593371720864,-16.993158835517548,25.86830403057012
1.127401563428181,17.985740929689758,-19.170492200017804,25.5955921377676
-0.3303217271497715,25.289800121745422,-15.875007161613404,25.32288024496508
1.8841404083111888,21.99476225271261,-17.930085211950185,23.164011776376327
-0.5043894021908892,23.15662424529279,-20.21624322918405,27.31403443194801
-3.003620102261792,24.318486237872964,-16.73351003710254,24.598193142227828
0.5984666172201238,17.751448620342217,-18.05687618250925,24.93898751576313
1.4396034497593508,16.991683159829734,-3.074376624332809,26.58806397334086
-0.8649256961880561,16.15766106225606,-20.128839362526776,28.031684597124293
1.7824812242174168,24.397456798915176,-19.88127534633599,23.325577731806334
0.253638633986043,20.07351273503116,-20.29414017732751,17.870636326026236
-0.5128384845675228,15.74956867114714,-21.001512618642117,24.49784178123098
-1.3609295637994607,16.86624987898985,-19.12328855971235,27.85686903187141
0.8999597688984082,17.904776146760973,-18.83968230429071,18.50172582211236
0.0943409014401405,17.47013283252075,-17.811886039116118,25.47014727960248
-1.1521921594898108,18.089934216496225,-20.11850939773146,30.22611018803679
-0.6176233496028042,22.482153975762603,-15.621723944774915,26.07296188781765
-1.4610463519167998,21.64704563056353,-17.78754525022899,24.313626640676056
-0.6647281042830825,20.611770041860265,-17.88741671338368,23.25084887153413
0.4905665304706268,19.73293739412793,-16.90338404664335,26.76738950853006
0.7672577918647265,21.336326928868857,-21.82884139211657,28.468389052351824
0.6638947502621169,23.5241562660348,-18.04399341658348,27.14672047568032
0.4131489957569107,12.84315128232521,-21.70296457943109,25.82505189900881
-0.511900131882384,21.312080019843183,-16.36372398732453,26.62700178082916
-0.7580758593988143,20.692690954398657,-15.773692443048567,29.356072594292648
-1.1270451679280853,23.842911381120103,-19.87890496164339,40.35343651209401
0.6434202723000564,18.76369375509342,-19.78788066842968,25.288797914744308
-0.1190089388529142,17.68769277428015,-17.32921590149967,26.522353255332
-0.0607218721388943,18.95201248776906,-17.531721989521113,24.472905999223727
-0.325032013362897,25.424694669945296,-20.356733970376503,24.354716400451444
0.7019976335732964,19.79261229830139,-23.038987369436867,31.27367548684367
-0.899359223350495,23.552803365884134,-17.060724985051895,26.26717753832273
-0.6847786170971399,16.193931803511685,-17.194646873022474,26.076653420574704
1.1602000432906974,17.513832543513335,-27.599211116613567,24.788515077140225
-0.2810446452589627,17.065401633956277,-17.87186645668403,23.021176779194967
-0.4387368670514814,20.821891602877088,-22.15291826169045,23.525436642376675
1.019891082734553,21.930523701896576,-15.595749791030196,25.675413935711607
0.30041085369658,17.956658387571405,-18.17574876133504,27.825391229046534
0.1669524889204244,17.47634418570559,-18.860985202699688,29.975368522381466
0.9073351771405758,22.2081343463936,-19.54622164406433,26.31220381922334
-1.3452106348333848,17.1878779901335,-20.276290871574027,19.44181791022723
-0.334773335135014,25.44876654619516,-8.639074866551727,14.200751364450868
-0.5223883960166292,16.55821102626959,-17.907144614073847,28.465344363571297
-0.534195325139588,20.834380159579084,-19.705051774749425,34.66971214791871
-1.085457012603187,17.9029186339425,-15.460827151757233,24.634408009656525
1.086752867762348,21.03397440966727,-21.36571824053169,26.95226530895672
-1.1333478054899502,18.791782239548333,-21.69140208531712,22.58457299115279
0.3654653972373797,16.549590069429392,-18.41153989629216,26.879487492594716
0.7307530571942229,22.518210400706657,-17.021248146085874,24.54076043391577
-0.5011713329873095,24.584962291613436,-20.98594043099534,26.5898159432198
-1.1227515757098696,22.883220086554424,-17.768970122977677,30.93294613769066
-0.9541640242112158,18.41791089012472,-19.815572027709887,25.68424560171014
-1.1542439866604657,21.44891266479728,-18.149119681826487,28.48111909850843
-2.237595791860447,18.391926637676384,-18.934891176803895,27.191569164719425
0.3771504546065758,21.087059195125327,-19.7206626717813,22.724751809480274
-0.956078642561338,23.782191752574267,-21.61938034804489,32.15169810551333
0.6365653034891244,23.147972584369583,-20.860509966090333,23.616840521173675
0.6821978498042333,22.876367557789543,-20.10163958413578,27.072469326224265
-0.7915117285644692,6.0583922332645095,-24.625163646875045,23.62176807265625
0.6623343986526953,22.118615092284145,-19.11143942954611,24.178875236507704
1.2898768899441675,25.16898711850147,-6.719552845766003,24.73598240035916
-0.8253595866239497,21.558412336325716,-21.468640021475345,23.0369488800568
-1.1306544161860876,18.993748522599034,-18.807369412149495,26.93443564785212
0.3105558458616901,16.8053171167421,-22.095278295785683,27.542058496883957
-0.9504581990875935,17.325195058330976,-16.84518576800823,24.055265138205847
0.6559547534152579,19.691811326977245,-19.679278389890285,29.259656803396894
-0.1921323361823275,18.39194239151223,-18.924825669269648,28.722352777896987
0.1267039976684885,24.924760934312083,-21.034276067774694,28.185048752397083
-0.0936747063527246,23.03670587526208,-19.678225956674392,26.249560692836454
0.2740474540756234,21.148650816212072,-21.142789844571208,24.31407263327582
0.3348787541688726,21.25673370514254,-17.590846193789336,39.61672689583613
-0.2567570667516568,21.615686314545265,-20.779055861426933,25.711634920398534
1.2702975477908345,23.31354805027961,-21.58124178161171,28.30864819815681
-1.5651786827511385,18.210005532978236,-19.417357071663822,25.11709876879091
2.788825986797536,19.445559087006902,-23.295510168469757,25.9017551869619
0.6315759738916545,18.154189348007925,-17.224315184849132,24.658633818627315
0.9001583205879286,20.464435578287226,-21.091812039569923,27.812784150517146
0.1446449877344874,22.774681808566527,-19.355797560269703,30.96693448240698
0.0250893971173861,23.364410795848062,-21.163778653424227,30.054050281817403
-0.3391712970654092,23.71262543149273,-18.012948965812903,24.45573229606536
1.4057885714365503,22.307964569610743,-4.5699298286481564,29.548175789142533
1.477847579487657,23.790824379773603,-16.904683395071352,28.28974015643846
2.483230858783557,25.273684189936468,-21.500259176976343,27.031304523734384
1.3539312654139717,19.38077411694995,-21.934178514662005,27.122839269141792
0.7310693725460431,23.221256550943856,-21.598987395894586,27.2143740145492
0.7721063541328963,17.320190079032134,-20.717310806319027,28.88024062385561
-0.2922230202124448,24.81332788753629,-19.835634216743472,22.784685447917425
0.2411051308530434,17.628755523854288,-19.83757085027693,29.327319806610237
0.3179261137821718,26.834094781359227,-25.546254052069887,27.844448753602293
-1.0670620570426077,19.34483370903195,-19.70283620481792,30.51841737643444
0.4441966484143316,21.496853110235,-22.91825181092218,26.61625787245208
0.8916619662459175,18.651316663201268,-22.39194630866596,28.54296159302469
-1.3791435361090267,20.637563411772067,-17.34877199288486,24.10505968465752
-0.1583087036030376,20.44183698082089,-22.748627595052028,27.18908013632752
-1.447214143589408,18.863667348169788,-23.663912191888677,26.37812653740329
-0.302130151034638,23.614574469784408,-20.27201965366006,25.567172938479064
0.6390377230603206,18.211624155845183,-21.262649415389983,28.366615960794483
-2.089297607270513,23.09101372768442,-20.676166578049745,29.216849826009565
-1.258879521490262,21.402136081067848,-18.30995104569869,30.06708369122465
0.7684110394344319,21.346903952324183,-19.353805476823883,27.422274386427944
-1.4238076059045917,18.62525259046451,-20.346059657198477,28.64968818748225
0.099045254134595,19.061840426683727,-21.75470984521649,24.758623704905947
-0.5590562391620928,27.191610216647707,-20.80049937349876,26.808769119308582
-1.380923750087836,17.83838691153875,-33.29673331634272,28.85891453371122
0.9769546630653017,19.017268971683407,-18.99411906644578,30.909059948113857
0.4081180430664763,18.703938586973173,-17.531779325685086,24.246837695450083
0.8955971964132736,19.43229793085569,-21.25121839368021,28.37196774680684
2.102495068566696,20.16065727473821,-21.20668637429407,25.97795527854517
0.1957935516830566,22.171334051027,-23.09349673596891,24.520429803828517
1.4356333434022752,22.53478117831306,-18.95468807090469,12.654935114620734
-0.7090799756751776,22.89822830559912,-20.832231836243363,23.138453724676072
0.7217047429527541,25.277563561886627,-19.84673738453821,21.01222101101057
0.3006994428149489,23.418920136030625,-18.80744825167681,25.601944550146914
1.778019690160725,21.67984521153412,-22.004631107736387,27.706305969915768
-1.945302255596985,19.0561943868944,-22.069412794501677,24.443664588192103
-1.7532388181142695,24.90036320311155,-24.103755327084414,31.12885378831018
-1.835284689774284,26.177945819119845,-22.19316846539799,30.578139182361998
0.7639069892660334,18.199134166775806,-20.343878451994385,21.845798260104765
-1.210684629578051,20.208528323044717,-18.49458843859078,25.611195925614886
-0.1634558281750297,27.65993496325332,-19.40757418703928,27.73602453490689
-0.3176517565594615,18.820789685204662,-19.2289906281234,29.86085314419889
-1.307874843092757,27.18366240155595,-20.609089968051386,23.81160830652884
1.7962372635382975,19.05495650807616,-20.850231498892526,30.6385138309377
-0.2314988530079302,25.74307513757417,-19.58808786879066,29.82770432000528
1.1459301918695657,26.534850608055663,-24.3426339237417,29.01689480907286
0.076237762867889,24.4445657042636,-22.47208278641623,32.892146093588494
1.5381064554680504,23.746385431026003,-21.274995422554586,29.105697446976286
1.6118201780397137,25.625821982486023,-18.59264511475647,29.87749217925966
0.7011327646181292,24.305043812255363,-22.55747435288272,30.64928691154304
-1.9616557652535376,20.007692404968594,-19.91084595648261,28.026656181513097
0.6386601544047771,19.619945318172828,-21.249058896760896,27.51396842568612
0.3134147821445599,2.7626388569713,-20.302428946180783,28.00803532687044
0.1498433951792084,24.18589234280901,-22.379420920217854,32.90494585055228
2.025528562268105,18.804622510270008,-22.43634071433417,28.135114121736738
0.5703978721010753,22.18062496059712,-23.084449121821542,27.331126982030753
2.337559627398856,22.542014440035835,-19.271951548157556,26.52713984232477
-0.9500191127824592,22.903403919474545,-22.429029593282888,23.02906833944027
0.0665397540095511,27.54240034942631,-18.408345609730983,27.51828322467688
-0.2388665729945881,25.81353563827909,-21.19115134533881,24.76801568034071
0.6395836772000575,27.40094917394781,-12.583424072754461,27.50160036695462
0.116808156060653,24.15445563250603,-3.975696800170113,30.23518505356853
0.8983098663027083,21.89324510261461,-24.52343662855999,25.452910872857977
0.1954980006069251,18.776751375345988,-21.654741439660576,27.072255145925013
-2.431545094675316,28.02371211927874,-12.380650931786832,23.89808249171632
-1.250524124916129,22.94989086050179,-23.679593067183188,24.566208992926263
-0.9613282725701302,27.72356106095635,-19.70835369976473,30.124133596907896
-0.0002150984301512,24.420312422518823,-23.589801606116367,27.215882101702093
0.6139802044105124,21.15783650326012,-21.818389539320307,31.579375390939447
-0.6464421674319882,21.508927608289298,-22.939957843749987,29.046961595238628
1.2778227559741586,21.86001871331847,-25.059286688908617,29.34384419987542
0.8732419724278525,18.80027779419928,-23.635186049000687,29.50746461758988
-1.1022884888508802,26.032971871364577,-23.50852582989277,29.754595123010468
0.5084270252373101,19.86405980987028,-23.04229798146315,30.268901632472296
-0.8519542670379323,18.99142076064529,-20.10430705257923,30.04607045279557
-0.423539278878924,22.455680062571677,-24.66306234919127,31.649354673664707
0.942031356834918,27.73128454907117,-27.259488784955018,33.252638894533845
2.8962337962670763,20.26103531872618,-17.80096464201162,31.78970307368423
2.9764012805190805,21.922512218170656,-22.60898102421348,29.292234438729416
1.05199578696353,22.55404125153676,-23.22082057338525,26.7947658037746
0.4677959102938089,25.354135168256853,-24.659663623513616,24.766811811867143
-1.2802450719095777,25.26006238659524,-22.302918503907325,29.167020299340237
-0.6210033129594588,19.86541178160197,-18.666610648851112,23.46739715972509
-0.713653693182905,23.123952793490496,-20.070768956624004,28.92335509211844
0.6609174041156145,24.82996508739553,-21.474927264396896,27.44028024565982
-1.1208375975028222,25.210719349613413,-38.22311415719959,25.79301604523045
0.2405567922787424,23.29915397295981,-24.45625291010523,27.797797735864243
0.0448388847692465,28.792005317229123,-24.32720191834073,27.84780053397018
0.993007128179531,20.38743471427222,-25.59364235683225,27.89780333207612
-0.0201021347984065,23.220330861378912,-26.860082795323773,26.238344079008023
-0.3111675678323312,22.019139422395313,-23.253295745574828,34.40153929096827
0.6739562921747743,20.81794798341171,-24.37460781257726,28.436015433682417
0.9041666666424212,22.948128939272987,-24.25644478154235,30.89577957923805
-0.9378856874263168,25.25420465959739,-22.853730830816662,32.75007712274238
-1.5333950962371143,22.65582827921719,-23.41901174940136,28.940604721486785
0.6138773266884147,23.67268890163917,-21.24952605722229,26.16340153784605
0.5475913427371288,27.37763280629676,-26.409575108336465,26.09062699809777
-0.411557357047731,20.09313069100809,-24.734103737934745,26.017852458349484
-1.4893298505235504,23.494675928325115,-21.88626774707554,28.486125694870218
-0.4170628990671215,25.31056624855905,-25.67663799777971,28.67934766963865
0.2185787310925889,25.042326820312336,-24.176778206430072,26.62780256859564
0.7359195929012191,24.774087392065624,-25.56553416969553,24.1290381997574
0.5609440408520381,24.329347447161684,-25.519202869414837,34.405390194274624
1.0096691652933278,20.67406421726208,-23.680925419753063,29.6691761515392
-1.305959976441636,20.954845702000775,-21.795171674533364,27.235393303467543
-0.9008818594842928,20.186575203468205,-25.394212379864666,31.33512389071728
-0.5615204099648043,19.2681196226969,-27.956724512406545,30.9323419957555
1.922415614398396,23.88973225809286,-29.432787490100917,30.08202046279351
0.0082513786586954,19.33305411397776,-24.31768589326533,28.8678352532078
-0.0002672103816217,21.559557238417653,-17.89298390482371,27.65365004362209
0.7561951658384083,25.4316878660623,-23.061946173425028,28.39053298035255
0.0221025263233717,26.11030511323472,-28.230908442026347,29.12741591708301
1.0955615363384583,28.58869722281688,-10.59822339409606,32.28404386664041
0.008908941067726,22.066969510592045,-22.925334592201043,35.44067181619781
0.8327289210356668,28.263267676099325,-21.827075487344057,29.06132133456854
1.0351334947480535,28.440060210860462,-26.18319492821201,33.01508367404432
0.0529133225657652,21.320218150944218,-26.585940429846044,32.10254745914149
-2.598501294461475,28.89543437531231,-27.139540538609022,30.38449759542435
-0.4308597388878796,29.12233300798691,-25.352051010577163,27.64035237654229
-1.3756346284189676,21.70439236002791,-24.65747230297599,21.101702389241787
-0.5915216090955624,28.42827872688322,-23.94257009065523,31.48588268375201
0.5189616856573414,26.025750074334624,-25.548412277028465,25.35752002330286
-0.2010839401652749,22.43280657117051,-23.864991635500907,29.741193906889343
1.2012775733335797,21.513512534497448,-21.51186102387589,28.96370566711395
1.2751616970292243,26.700882304023203,-19.158730412250875,34.41851863597981
0.0717058391466625,28.038325920344494,-24.104365579162614,32.21005748083277
-6.452722409615377e-05,22.6373791450496,-23.85807293383003,30.001596325685743
-1.432375194680387,27.49633550188605,-24.34543174784485,30.49221240466097
1.1130532121366667,26.14838046936071,-27.11312959770975,30.006529194990414
0.8593316015510293,24.03719586763731,-22.17421813625912,24.850342468009018
-0.1033058989907573,29.66194062662236,-21.13185833047617,32.14896910896218
-1.5201091427583635,28.231670425409717,-24.640693368000008,31.608953138646868
-0.0966903888504716,21.099411947470223,-33.160771877388484,33.35738389172612
-0.7642022294421039,20.94766813775825,-25.25023650663317,30.777672753037685
0.7818214904943745,29.41970029727249,-25.18367551463828,32.62067556848758
0.1127597229358018,27.94212177684262,-24.34534202020402,24.14826020007219
0.883153805787404,19.83802863913525,-27.39644802201641,28.875170131513325
0.6492472656782722,20.19307017650477,-24.27159409064284,27.53560246281555
0.2013839242425545,20.54811171387429,-22.17477028395116,27.916021691812823
0.2045248199047568,23.796297288093783,-24.58543639279979,30.057749795371077
-1.3561463577114747,25.40778344522542,-24.518981877420504,29.181335466678973
-0.0173119310171071,22.160687001462293,-24.45252736204122,28.304921137986867
-1.7310091563097194,29.89760322456753,-25.49308287721256,28.66109844271991
0.0790181191294457,27.60152076202025,-26.533638392383903,29.017275747452956
0.4734283655401149,23.66689714085885,-26.35904845410107,27.763271870157936
